id,hooliId
6769,0011R00001zC3zbQAC
2196,0013600001oVvosAAC
7303,0011R00001zDXqJQAW
947,0013600001lTGEpAAO
7348,0011R00001zDfwiQAC
935,0013600001lSjlDAAS
6775,0011R00001zC4I7QAK
7154,0011R00001zD6S3QAK
6391,0011R00001xt4szQAA
7096,0011R00001zCuXvQAK
7078,0011R00001zCtkiQAC
16397,0011R000024k8NvQAI
7024,0011R00001zCmXkQAK
1995,0013600001oEarvAAC
5172,0013600001w328UAAQ
6952,0011R00001zCVeUQAW
15604,0011R000021ssDOQAY
15835,0011R000022dnNsQAI
15780,0011R000022dUz9QAE
15913,0011R000022e78XQAQ
2532,0013600001pvU5ZAAU
1001,0013600001ms5alAAA
16747,0011R000024lJv0QAE
6925,0011R00001zCTO0QAO
2824,0013600001qxgu2AAA
15623,0011R000021sz75QAA
829,0013600001i3YkdAAE
6939,0011R00001zCUP3QAO
6913,0011R00001zCMvUQAW
6910,0011R00001zCMjnQAG
7320,0011R00001zDe50QAC
7131,0011R00001zD49FQAS
6531,0011R00001zBK9mQAG
891,0013600001jhvftAAA
6262,0013600001xsUAsAAM
3600,0013600001lSjj7AAC
6776,0011R00001zC4DFQA0
6388,0011R00001xt4naQAA
2187,0013600001oVr7zAAC
5921,0013600001xq5hMAAQ
6799,0011R00001zC4vBQAS
6800,0011R00001zC4rpQAC
7138,0011R00001zD4sbQAC
5896,0013600001xpohlAAA
17004,0011R000024mOUkQAM
5807,0013600001xpS5dAAE
4484,0013600001vFe5tAAC
4457,0013600001vEk1MAAS
4024,0013600001lSjVFAA0
4006,0013600001qxePdAAI
2004,0013600001oEcKKAA0
4442,0013600001vEjtMAAS
7329,0011R00001zDeG9QAK
4276,0013600001vBjHuAAK
17177,0011R000024n1P7QAI
7333,0011R00001zDeb7QAC
2158,0013600001oULjqAAG
6655,0011R00001zBim9QAC
6654,0011R00001zBiqCQAS
6814,0011R00001zC5OhQAK
7325,0011R00001zDeBSQA0
6818,0011R00001zC5TVQA0
15916,0011R000022e7QdQAI
3238,0013600001pvJDEAA2
3580,0013600001qxZrCAAU
4598,0013600001vDuaQAAS
5071,0013600001w2QHdAAM
6953,0011R00001zCVd1QAG
7167,0011R00001zD8QcQAK
6963,0011R00001zCcZxQAK
6840,0011R00001zCCsEQAW
6684,0011R00001zBpaqQAC
6843,0011R00001zCD3BQAW
6427,0011R00001xtCUOQA2
14897,0011R00001zEf9fQAC
15041,0011R00001zErjaQAC
14905,0011R00001zEfSUQA0
14906,0011R00001zEfRgQAK
14901,0011R00001zEfHmQAK
14894,0011R00001zEerQQAS
4790,0013600001w0DN3AAM
14899,0011R00001zEf59QAC
7150,0011R00001zD662QAC
6917,0011R00001zCNERQA4
4721,0013600001via6qAAA
7193,0011R00001zDIoPQAW
9688,0013600001via4fAAA
7358,0011R00001zDmzpQAC
7324,0011R00001zDeAeQAK
2488,0013600001pM602AAC
6603,0011R00001zBaV9QAK
14903,0011R00001zEfImQAK
2487,0013600001pM5KBAA0
7200,0011R00001zDJKXQA4
14902,0011R00001zEfJVQA0
2763,0013600001qZrR0AAK
6606,0011R00001zBaZFQA0
14909,0011R00001zEfcVQAS
7210,0011R00001zDJjLQAW
2348,0013600001pIjtWAAS
7212,0011R00001zDJqBQAW
10156,0013600001w2QGpAAM
7215,0011R00001zDL1SQAW
6871,0011R00001zCEaQQAW
2309,0013600001otw3rAAA
2308,0013600001otvomAAA
2347,0013600001pIjrfAAC
2703,0013600001qXs7TAAS
2311,0013600001otwWUAAY
4399,0013600001vEd94AAC
2748,0013600001qZgqXAAS
2872,0013600001rEma8AAC
2873,0013600001rEn6JAAS
2894,0013600001rFyRvAAK
2811,0013600001qwmt7AAA
2310,0013600001otwUdAAI
2197,0013600001oVvtYAAS
2790,0013600001qwaZCAAY
2705,0013600001qXtfCAAS
2772,0013600001qva0YAAQ
7002,0011R00001zClRfQAK
2192,0013600001oVtKvAAK
4441,0013600001vEjotAAC
2771,0013600001qvZsUAAU
4458,0013600001vEk1RAAS
2199,0013600001oVwFuAAK
2198,0013600001oVw1SAAS
2704,0013600001qXtagAAC
2750,0013600001qZjynAAC
2706,0013600001qXtogAAC
2586,0013600001pxgA7AAI
2773,0013600001qvcsmAAA
2813,0013600001qwnK9AAI
2313,0013600001oty4EAAQ
2979,0013600001rresSAAQ
2878,0013600001rEsAYAA0
2876,0013600001rErpLAAS
4132,0013600001urtRKAAY
1979,0013600001oES2XAAW
2897,0013600001rG0SIAA0
2898,0013600001rG1IiAAK
2916,0013600001rgHXtAAM
2835,0013600001qyX31AAE
2774,0013600001qvdb3AAA
2563,0013600001px8NJAAY
2880,0013600001rEurxAAC
2613,0013600001pyUrlAAE
2447,0013600001pLIV0AAO
4313,0013600001vDqDIAA0
7382,0011R00001zE8nrQAC
2917,0013600001rgHYwAAM
2589,0013600001pxjO9AAI
910,0013600001ktEnEAAU
4460,0013600001vEnh4AAC
2483,0013600001pM3hrAAC
4376,0013600001vEWHKAA4
2918,0013600001rgHdrAAE
2776,0013600001qvfZTAAY
2317,0013600001ovFOhAAM
2590,0013600001pxjUWAAY
2318,0013600001ovFSUAA2
2684,0013600001qXlomAAC
3032,0013600001s71sfAAA
2777,0013600001qviBfAAI
2755,0013600001qZmvQAAS
2319,0013600001ovLWoAAM
2838,0013600001qyYtrAAE
2616,0013600001pyUwlAAE
2877,0013600001rEs8wAAC
2754,0013600001qZmYzAAK
4135,0013600001urwn4AAA
3060,0013600001s8hRVAAY
3009,0013600001s5aYXAAY
2566,0013600001pxFoqAAE
2711,0013600001qXugYAAS
2953,0013600001rhanDAAQ
2920,0013600001rgJbZAAU
2820,0013600001qxZlYAAU
2883,0013600001rEwLPAA0
2779,0013600001qvjR0AAI
2921,0013600001rgK9pAAE
6960,0011R00001zCcA6QAK
2759,0013600001qZnyNAAS
2712,0013600001qXvo0AAC
2969,0013600001rra3hAAA
2801,0013600001qwjuaAAA
2594,0013600001pxkLqAAI
2389,0013600001pKJfmAAG
3061,0013600001s8kx3AAA
2781,0013600001qvlOWAAY
2758,0013600001qZnvnAAC
4241,0013600001uu0cOAAQ
2842,0013600001qydV9AAI
2714,0013600001qXwGsAAK
4351,0013600001vDvcKAAS
2390,0013600001pKLZIAA4
2713,0013600001qXwF6AAK
2665,0013600001qX1CtAAK
2452,0013600001pLIvJAAW
4242,0013600001uu108AAA
2597,0013600001pxn1dAAA
2691,0013600001qXoGOAA0
2843,0013600001qye7IAAQ
2596,0013600001pxn0LAAQ
2360,0013600001pJWh4AAG
2844,0013600001qyeHNAAY
4140,0013600001urxKtAAI
4142,0013600001urxLmAAI
2522,0013600001pvIAYAA2
2569,0013600001pxJtVAAU
7014,0011R00001zCmBEQA0
2906,0013600001rG3OxAAK
2690,0013600001qXo5QAAS
6876,0011R00001zCErmQAG
2823,0013600001qxeMZAAY
4353,0013600001vDvkYAAS
2456,0013600001pLK7kAAG
2361,0013600001pJYf0AAG
1982,0013600001oEUaqAAG
2623,0013600001qWA4HAAW
2393,0013600001pKOMCAA4
2523,0013600001pvJCfAAM
2395,0013600001pKOZfAAO
2218,0013600001oWeFXAA0
2220,0013600001oWeKmAAK
2219,0013600001oWeHnAAK
2668,0013600001qX2IEAA0
15140,0011R00001zF1CDQA0
2394,0013600001pKOOcAAO
2572,0013600001pxOCCAA2
2599,0013600001pxn6TAAQ
2669,0013600001qX32yAAC
2458,0013600001pLKPKAA4
2221,0013600001oWeZ3AAK
851,0013600001jBF0DAAW
2836,0013600001jhvftAAA
834,0013600001i3Z52AAE
2222,0013600001oWfEaAAK
857,0013600001jBjJkAAK
827,0013600001fAeDcAAK
858,0013600001jBjMAAA0
862,0013600001jBlizAAC
2718,0013600001qXxBjAAK
850,0013600001jBEFCAA4
826,0013600001fAYGPAA4
861,0013600001jBlX3AAK
2719,0013600001qXxDQAA0
848,0013600001jBE8QAAW
849,0013600001jBEBAAA4
835,0013600001jBAWBAA4
856,0013600001jBjIrAAK
852,0013600001jBF2xAAG
853,0013600001jBgbBAAS
918,0013600001lSdHMAA0
915,0013600001msyMMAAY
921,0013600001lSeMrAAK
869,0013600001jCFv7AAG
897,0013600001kFO7yAAG
872,0013600001jCIAjAAO
878,0013600001jCMNUAA4
880,0013600001jCMxpAAG
902,0013600001kG2NZAA0
903,0013600001kG6mWAAS
15047,0011R00001zEt33QAC
887,0013600001jCON0AAO
919,0013600001lSe7mAAC
900,0013600001kFwOnAAK
886,0013600001jCOMWAA4
874,0013600001jCJnGAAW
927,0013600001lSh7GAAS
926,0013600001lSgR0AAK
907,0013600001ksk7pAAA
929,0013600001lSiF8AAK
892,0013600001jhw58AAA
961,0013600001lTLEBAA4
959,0013600001lTL9UAAW
922,0013600001lSfPhAAK
940,0013600001lTBsHAAW
960,0013600001lTLA8AAO
4145,0013600001urxqhAAA
953,0013600001lTIfHAAW
896,0013600001kFNnCAAW
932,0013600001lSjdnAAC
924,0013600001lSg7oAAC
950,0013600001lTHjyAAG
939,0013600001lTAMbAAO
942,0013600001lTCRRAA4
970,0013600001lTqNhAAK
957,0013600001lTJMzAAO
949,0013600001lTHaXAAW
951,0013600001lTHwrAAG
952,0013600001lTIB4AAO
948,0013600001lTGgoAAG
936,0013600001lSkXWAA0
973,0013600001lTrXxAAK
969,0013600001lTqMyAAK
966,0013600001lTowQAAS
965,0013600001lTnoyAAC
981,0013600001msyOFAAY
986,0013600001lTvjpAAC
972,0013600001lTqYpAAK
979,0013600001otjA6AAI
991,0013600001lURGpAAO
978,0013600001msyOCAAY
987,0013600001lUMrAAAW
977,0013600001lTteHAAS
6483,0011R00001xtNzFQAU
982,0013600001lTv67AAC
998,0013600001ms2gsAAA
1012,0013600001msBKpAAM
945,0013600001lTE0MAAW
7235,0011R00001zDMftQAG
993,0013600001lUVpGAAW
7020,0011R00001zCmFHQA0
1008,0013600001ms8lEAAQ
995,0013600001lUVrbAAG
984,0013600001lTvYGAA0
1009,0013600001msAumAAE
989,0013600001lUPoJAAW
997,0013600001lUWKAAA4
985,0013600001lTvcrAAC
1010,0013600001msB0uAAE
1005,0013600001ms8R4AAI
1013,0013600001msBfgAAE
4147,0013600001urz4bAAA
1020,0013600001mtMpVAAU
994,0013600001lUVpHAAW
14904,0011R00001zEfWlQAK
4148,0013600001urzrHAAQ
2527,0013600001pvMXPAA2
7025,0011R00001zCmXfQAK
4151,0013600001us2BuAAI
7244,0011R00001zDNJyQAO
14932,0011R00001zEpqnQAC
6467,0011R00001xtKOSQA2
7245,0011R00001zDNLwQAO
1653,0013600001mu04SAAQ
847,0013600001jBE7cAAG
901,0013600001msyMTAAY
14923,0011R00001zEpgrQAC
955,0013600001lTIpMAAW
2365,0013600001pJbhfAAC
6482,0011R00001xtNUCQA2
964,0013600001lTjfhAAC
1707,0013600001mu2ZdAAI
14922,0011R00001zEphBQAS
1006,0013600001ms8TPAAY
2397,0013600001pKOscAAG
6472,0011R00001xtKjNQAU
1750,0013600001ng6FRAAY
1702,0013600001nCwItAAK
14931,0011R00001zEpr2QAC
1747,0013600001ng31RAAQ
1699,0013600001mvFyTAAU
1748,0013600001ng5z9AAA
6713,0011R00001zBto9QAC
9616,0013600001vDuVuAAK
2003,0013600001oEcJgAAK
1705,0013600001mu1caAAA
1706,0013600001mu1fFAAQ
868,0013600001jCFPRAA4
1703,0013600001nDZw8AAG
1796,0013600001nhD2wAAE
1803,0013600001nhFbfAAE
2367,0013600001pJf3YAAS
1773,0013600001nghVnAAI
1791,0013600001nhBWvAAM
1752,0013600001ng6bXAAQ
1768,0013600001ngeipAAA
1826,0013600001nhnhyAAA
4321,0013600001vDsSSAA0
1819,0013600001nhm5rAAA
6707,0011R00001zBqaiQAC
1875,0013600001niyKHAAY
1917,0013600001njTYCAA2
1929,0013600001njUBTAA2
1928,0013600001njTzrAAE
1922,0013600001njTi7AAE
999,0013600001ms3p7AAA
2583,0013600001pxeHBAAY
1945,0013600001oDbI4AAK
7252,0011R00001zDNT4QAO
1954,0013600001oDh7NAAS
1946,0013600001oDc0pAAC
1952,0013600001oDfccAAC
1932,0013600001njUoLAAU
6714,0011R00001zBtnuQAC
1984,0013600001oEVwUAAW
1988,0013600001oEW7mAAG
1974,0013600001oEQH5AAO
2089,0013600001oGuqQAAS
2042,0013600001oFB2WAAW
2054,0013600001oFIkNAAW
2044,0013600001oFB5zAAG
4578,0013600001vg5EBAAY
2115,0013600001oHeAcAAK
2161,0013600001oV7bqAAC
2157,0013600001nEi8rAAC
2160,0013600001oUMCYAA4
2159,0013600001oULk0AAG
971,0013600001lTqRPAA0
2672,0013600001qX3QNAA0
2846,0013600001qyguiAAA
3035,0013600001s75OTAAY
3012,0013600001s5e9RAAQ
2434,0013600001pLD9kAAG
2433,0013600001pLC5SAAW
2847,0013600001qygvvAAA
2742,0013600001qZedNAAS
2528,0013600001pvMudAAE
2626,0013600001qWCxzAAG
4407,0013600001vEdQLAA0
2974,0013600001rrcyNAAQ
2827,0013600001qxjeSAAQ
3086,0013600001sEAVmAAO
2890,0013600001rFu7qAAC
2928,0013600001rgRyjAAE
3063,0013600001s8lVPAAY
3090,0013600001sENXBAA4
2529,0013600001pvNgYAAU
4408,0013600001vEddeAAC
2988,0013600001rrm7JAAQ
3038,0013600001s7EO0AAM
2744,0013600001qZfLtAAK
3111,0013600001seaCzAAI
4161,0013600001us5qgAAA
2910,0013600001rG5IgAAK
3135,0013600001sgBd6AAE
2698,0013600001qXr0TAAS
2929,0013600001rgS2qAAE
3072,0013600001sE4bDAAS
3029,0013600001s6znTAAQ
2768,0013600001qvXc3AAE
2870,0013600001rEiDiAAK
2677,0013600001qX4k9AAC
4162,0013600001us5wfAAA
2989,0013600001rrmEHAAY
2911,0013600001rG5OPAA0
2745,0013600001qZfmuAAC
2580,0013600001pxbBnAAI
2629,0013600001qWDDDAA4
2724,0013600001qXxOOAA0
2810,0013600001qwmRiAAI
2931,0013600001rgT1QAAU
2809,0013600001qwmPuAAI
2342,0013600001ow60nAAA
2305,0013600001otteXAAQ
3097,0013600001seQGQAA2
2789,0013600001qwZqCAAU
3017,0013600001s5eijAAA
3058,0013600001s8hLSAAY
2306,0013600001otvTFAAY
2607,0013600001pySBgAAM
4546,0013600001vfDVSAA2
4539,0013600001vf84gAAA
4466,0013600001vEo1OAAS
4330,0013600001vDsfwAAC
2582,0013600001pxcsZAAQ
2440,0013600001pLEzGAAW
2439,0013600001pLEvnAAG
2701,0013600001qXrRyAAK
3167,0013600001sq2UzAAI
3153,0013600001sorMUAAY
3156,0013600001spvQDAAY
3165,0013600001spzfBAAQ
4331,0013600001vDt3zAAC
4563,0013600001vfwpqAAA
4562,0013600001vfwhhAAA
4556,0013600001vftMxAAI
4541,0013600001vf8LNAAY
4540,0013600001vf868AAA
859,0013600001jBjTBAA0
3142,0013600001sgDLWAA2
4169,0013600001us7KnAAI
3149,0013600001soohjAAA
4167,0013600001us6USAAY
3171,0013600001sq7YsAAI
2895,0013600001rG0DwAAK
3163,0013600001spySZAAY
3162,0013600001spy9mAAA
2707,0013600001qXuOAAA0
3161,0013600001spxfNAAQ
3198,0013600001srFHcAAM
3197,0013600001srF7DAAU
4116,0013600001urBmyAAE
3170,0013600001sq6pTAAQ
3190,0013600001srA8MAAU
3181,0013600001sqAX0AAM
3186,0013600001sr7lcAAA
3180,0013600001sqAM3AAM
3221,0013600001ssFpBAAU
4168,0013600001us7JVAAY
3252,0013600001tJwrlAAC
3230,0013600001ssK9MAAU
4333,0013600001vDuVuAAK
3227,0013600001ssJWEAA2
3235,0013600001ssPh2AAE
3224,0013600001ssGabAAE
3258,0013600001tK1KEAA0
4332,0013600001vDtAvAAK
3311,0013600001tL8R8AAK
3287,0013600001tL119AAC
4414,0013600001vEe3bAAC
4510,0013600001vFnENAA0
3319,0013600001tLA8VAAW
3312,0013600001tL8jVAAS
3300,0013600001tL4mYAAS
3320,0013600001tLAL8AAO
14898,0011R00001zEf8wQAC
3353,0013600001tMDpjAAG
3331,0013600001tLyB8AAK
3394,0013600001tmOsEAAU
4511,0013600001vFnFBAA0
3336,0013600001tM1rpAAC
3335,0013600001tM1DeAAK
3332,0013600001tLyrIAAS
3364,0013600001tMFYNAA4
3395,0013600001tmP8gAAE
4489,0013600001vFeenAAC
3429,0013600001tmZMjAAM
3408,0013600001tmQpIAAU
3423,0013600001tmXy3AAE
4415,0013600001vEe9PAAS
3409,0013600001tmRskAAE
4117,0013600001urBqMAAU
3418,0013600001fjVBtAAM
3379,0013600001tmI3hAAE
3380,0013600001tmITiAAM
3426,0013600001tmZI3AAM
3386,0013600001tmKdvAAE
3402,0013600001tmQcOAAU
3391,0013600001tmMbOAAU
3388,0013600001tmLRcAAM
3410,0013600001tmRz7AAE
3477,0013600001tnQakAAE
3436,0013600001tmdNmAAI
2457,0013600001pLKNJAA4
3457,0013600001tnLppAAE
3547,0013600001tu2qtAAA
3505,0013600001ttw2fAAA
4416,0013600001vEeBuAAK
3538,0013600001tu1hpAAA
3546,0013600001tu2n6AAA
3592,0013600001tv8NgAAI
4264,0013600001vBexzAAC
3581,0013600001tv5MIAAY
3605,0013600001tv9XkAAI
4176,0013600001us8J6AAI
3566,0013600001tv1LMAAY
3606,0013600001tv9aPAAQ
3573,0013600001tv1xzAAA
2791,0013600001qwcEbAAI
3620,0013600001tvEXTAA2
3648,0013600001tw6sfAAA
4177,0013600001us9cmAAA
3645,0013600001tw6UsAAI
3612,0013600001tvCHtAAM
3636,0013600001tw1W2AAI
3649,0013600001tw6u2AAA
3601,0013600001tv9CSAAY
3696,0013600001twvpbAAA
3690,0013600001twt9DAAQ
4178,0013600001us9dBAAQ
4454,0013600001vEjx5AAC
3741,0013600001txolXAAQ
4266,0013600001vBh5cAAC
3711,0013600001tx5T6AAI
3692,0013600001twuWtAAI
3691,0013600001twuDsAAI
3689,0013600001twskXAAQ
4339,0013600001vDvAWAA0
8218,0013600001pvJCfAAM
3751,0013600001txqpjAAA
944,0013600001lTD1UAAW
4268,0013600001vBicIAAS
3759,0013600001txtelAAA
3820,0013600001uDQauAAG
4455,0013600001vEjxyAAC
3838,0013600001uDTREAA4
3830,0013600001uDRiCAAW
3812,0013600001uDNo1AAG
3809,0013600001uDMDzAAO
3821,0013600001uDQhRAAW
3798,0013600001uDJB1AAO
14951,0011R00001zEqC2QAK
4482,0013600001vFbWiAAK
3900,0013600001uETUIAA4
3897,0013600001uETKSAA4
4459,0013600001vEk1vAAC
4456,0013600001vEk0JAAS
4439,0013600001vEiO1AAK
3883,0013600001uEOraAAG
3875,0013600001uEMkWAAW
3873,0013600001uEKRBAA4
4514,0013600001vFnnEAAS
3938,0013600001uadexAAA
3919,0013600001uZw4SAAS
3893,0013600001uESCtAAO
2443,0013600001pLG2dAAG
3914,0013600001uZvT5AAK
3894,0013600001uESgPAAW
3879,0013600001uENbEAAW
3906,0013600001uEUVzAAO
3918,0013600001uZvseAAC
4005,0013600001ubrmAAAQ
3944,0013600001uaflvAAA
3988,0013600001uatviAAA
3945,0013600001uag0bAAA
4004,0013600001ubqKNAAY
4003,0013600001ubq5kAAA
3981,0013600001uanuvAAA
3975,0013600001uanUpAAI
3972,0013600001uanDlAAI
3980,0013600001uanpvAAA
3965,0013600001ualRoAAI
4019,0013600001ubtfgAAA
4050,0013600001uc1AOAAY
4015,0013600001ubtTGAAY
4014,0013600001ubshLAAQ
4078,0013600001uqyQ0AAI
4051,0013600001uc1H4AAI
4049,0013600001uc19LAAQ
4036,0013600001ubyfDAAQ
4020,0013600001ubtxuAAA
4023,0013600001ubuMpAAI
4033,0013600001ubyfDAAQ
4037,0013600001ubyhOAAQ
4021,0013600001ubtzMAAQ
14930,0011R00001zEpuzQAC
4067,0013600001uqw9rAAA
4091,0013600001ur5VWAAY
4097,0013600001ur7KxAAI
4073,0013600001uqwmmAAA
4088,0013600001ur51WAAQ
4112,0013600001ur8yXAAQ
4108,0013600001ur8SuAAI
7288,0011R00001zDWmVQAW
4090,0013600001ur5MKAAY
4068,0013600001uqwTXAAY
4075,0013600001uqx1cAAA
4115,0013600001urBi8AAE
4083,0013600001ur2c5AAA
4106,0013600001ur7XCAAY
4087,0013600001ur4kfAAA
4089,0013600001ur5KJAAY
4092,0013600001ur5n6AAA
4093,0013600001ur5rSAAQ
4122,0013600001urCJmAAM
4119,0013600001urBuEAAU
7294,0011R00001zDXE5QAO
4579,0013600001vg5XFAAY
4570,0013600001vg2LyAAI
931,0013600001lSjVFAA0
3164,0013600001msyMXAAY
4565,0013600001vfz2aAAA
4591,0013600001vgBjrAAE
4616,0013600001vgrYeAAI
4613,0013600001vgqAEAAY
4668,0013600001viWseAAE
2905,0013600001rG2lvAAC
4692,0013600001vibYMAAY
4683,0013600001viZh9AAE
4655,0013600001viUetAAE
4647,0013600001viTp7AAE
4660,0013600001viVfwAAE
4648,0013600001viULmAAM
4649,0013600001viUbGAAU
4684,0013600001via4fAAA
4702,0013600001vibsHAAQ
4706,0013600001vicTnAAI
4716,0013600001viex9AAA
4761,0013600001w08VWAAY
4701,0013600001vibkIAAQ
4703,0013600001vibvkAAA
4707,0013600001vicUCAAY
4756,0013600001w05xOAAQ
4751,0013600001w05m1AAA
4713,0013600001vidGfAAI
4722,0013600001vieyWAAQ
4715,0013600001vievwAAA
4733,0013600001vihQ3AAI
4806,0013600001w0FgeAAE
4810,0013600001w0GSnAAM
4766,0013600001w093vAAA
4776,0013600001w0BOnAAM
4777,0013600001w0C8lAAE
4778,0013600001w0CCJAA2
4758,0013600001w07o1AAA
4779,0013600001w0CTTAA2
4816,0013600001w0IEqAAM
4780,0013600001w0CWhAAM
4811,0013600001w0Hh9AAE
4791,0013600001w0EiiAAE
4799,0013600001w0F5OAAU
4809,0013600001w0GS4AAM
4792,0013600001w0Et6AAE
4875,0013600001w0i9OAAQ
4815,0013600001w0I64AAE
4835,0013600001w0XO6AAM
4841,0013600001w0YTXAA2
4871,0013600001w0gYXAAY
4869,0013600001w0eyxAAA
4864,0013600001w0damAAA
4860,0013600001w0cPJAAY
4859,0013600001w0cLlAAI
4852,0013600001w0b2fAAA
4915,0013600001w0xWuAAI
4931,0013600001w1452AAA
4928,0013600001w13eAAAQ
4927,0013600001w13NjAAI
4900,0013600001w0qJiAAI
4902,0013600001w0qjIAAQ
4901,0013600001w0qclAAA
4937,0013600001w16QxAAI
5162,0013600001w30FiAAI
4938,0013600001w16TcAAI
4936,0013600001w15VrAAI
7090,0011R00001zCuFHQA0
4996,0013600001w21ZCAAY
5163,0013600001w311hAAA
4976,0013600001w1PEWAA2
4995,0013600001w21X6AAI
7091,0011R00001zCuDpQAK
5053,0013600001w2MTBAA2
5032,0013600001w2Au3AAE
5010,0013600001w26aeAAA
5161,0013600001w2zHiAAI
5009,0013600001w265xAAA
5019,0013600001w26uVAAQ
5031,0013600001w2AYMAA2
5052,0013600001w2MPZAA2
5049,0013600001w2MMpAAM
5048,0013600001w2M8pAAE
5021,0013600001w27VvAAI
5022,0013600001w27eFAAQ
5102,0013600001w2dJMAAY
5065,0013600001w2OZgAAM
4374,0013600001vEV5wAAG
5095,0013600001w2bshAAA
5099,0013600001w2dC6AAI
5062,0013600001w2O9TAAU
5106,0013600001w2e5UAAQ
5076,0013600001w2QGpAAM
5105,0013600001w2dtPAAQ
5058,0013600001w2MjzAAE
5079,0013600001w2RM4AAM
2268,0013600001otjA6AAI
5103,0013600001w2dNiAAI
5088,0013600001w2aQOAAY
5159,0013600001w2yE3AAI
5138,0013600001w2tDbAAI
5164,0013600001w31BSAAY
5160,0013600001w2yOTAAY
5154,0013600001w2xtpAAA
5139,0013600001w2tRdAAI
5153,0013600001w2xLKAAY
5141,0013600001w2tvJAAQ
5117,0013600001w2flPAAQ
5142,0013600001w2u3DAAQ
5150,0013600001w2vYNAAY
5151,0013600001w2wu9AAA
934,0013600001lSjj7AAC
5186,0013600001w3FbpAAE
5207,0013600001w3MSfAAM
5185,0013600001w3FXlAAM
5196,0013600001w3Hy3AAE
7094,0011R00001zCuQpQAK
5174,0013600001w32irAAA
5173,0013600001w32D0AAI
5175,0013600001w33JTAAY
5747,0013600001w3RwSAAU
5736,0013600001w3OGuAAM
5786,0013600001xpMXoAAM
5794,0013600001xpMzaAAE
5795,0013600001xpMzpAAE
5779,0013600001xpLsJAAU
5819,0013600001xpddzAAA
5780,0013600001xpLylAAE
5775,0013600001xpLenAAE
5895,0013600001xpoSHAAY
5869,0013600001xphTmAAI
5885,0013600001xplv3AAA
5881,0013600001xpkw9AAA
5891,0013600001xpnpOAAQ
1007,0013600001ms8jwAAA
5934,0013600001xq7uoAAA
5922,0013600001xq6H6AAI
5926,0013600001xq78kAAA
5925,0013600001xq6mZAAQ
6197,0013600001xr1SvAAI
6210,0013600001xr3lQAAQ
6198,0013600001xr1w0AAA
6226,0013600001xrWLFAA2
6199,0013600001xr1xDAAQ
6230,0013600001xrn3rAAA
6202,0013600001xr2vZAAQ
6233,0013600001xrpWdAAI
6188,0013600001xqI64AAE
6189,0013600001xqeZgAAI
6190,0013600001xqgLOAAY
6191,0013600001xqjWWAAY
6193,0013600001xqkw2AAA
6194,0013600001xqlEXAAY
6195,0013600001xqnBeAAI
6203,0013600001xr313AAA
6200,0013600001xr24kAAA
6201,0013600001xr2nzAAA
6204,0013600001xr389AAA
6205,0013600001xr3JbAAI
6206,0013600001xr3UZAAY
6235,0013600001xrv0YAAQ
6217,0013600001xr4mgAAA
6207,0013600001xr3eUAAQ
6208,0013600001xr3hYAAQ
6211,0013600001xr3msAAA
6212,0013600001xr3oKAAQ
6214,0013600001xr3s2AAA
6215,0013600001xr3ufAAA
6216,0013600001xr4ExAAI
6218,0013600001xr4u0AAA
6219,0013600001xr68mAAA
6220,0013600001xr6dVAAQ
6222,0013600001xr7KvAAI
6223,0013600001xrBjeAAE
6224,0013600001xrEy7AAE
6225,0013600001xrS27AAE
6227,0013600001xrXukAAE
6209,0013600001xr3jjAAA
6228,0013600001xrZLgAAM
6229,0013600001xraBVAAY
6231,0013600001xrnn7AAA
6270,0013600001xsVazAAE
6276,0013600001xsWUrAAM
6250,0013600001xsQztAAE
6237,0013600001xsCiHAAU
6275,0013600001xsVerAAE
6268,0013600001xsVRnAAM
6251,0013600001xsR58AAE
6253,0013600001xsRI6AAM
6255,0013600001xsSaKAAU
6256,0013600001xsTPNAA2
6257,0013600001xsTcCAAU
6269,0013600001xsVXgAAM
6258,0013600001xsTgoAAE
6261,0013600001xsU1lAAE
6263,0013600001xsUKMAA2
6264,0013600001xsUqeAAE
6265,0013600001xsV30AAE
6266,0013600001xsVAlAAM
6267,0013600001xsVIzAAM
6254,0013600001xsRN5AAM
6248,0013600001xsJGwAAM
6328,0011R00001xsu7DQAQ
6329,0011R00001xsvioQAA
6350,0011R00001xt2C6QAI
6338,0013600001xqH5RAAU
6337,0013600001xqHF9AAM
6336,0013600001xqHKnAAM
6334,0013600001xqK2SAAU
6293,0011R00001xsm8AQAQ
6314,0011R00001xsnS5QAI
6335,0013600001xqJO6AAM
6317,0011R00001xsnaOQAQ
6325,0011R00001xssDnQAI
6316,0011R00001xsnXPQAY
6333,0013600001xqKMBAA2
6343,0011R00001xt23UQAQ
6383,0011R00001xt4EOQAY
6367,0011R00001xt3Z1QAI
6382,0011R00001xt4BoQAI
4277,0013600001vBjMuAAK
6347,0011R00001xt27pQAA
6361,0011R00001xt2vEQAQ
6362,0011R00001xt2y8QAA
6370,0011R00001xt3fUQAQ
2839,0013600001qyZ4kAAE
946,0013600001lTF82AAG
15854,0011R000022dtI7QAI
1898,0013600001njPrIAAU
3419,0013600001tmXS0AAM
3310,0013600001tL8OnAAK
4542,0013600001vf8QcAAI
15067,0011R00001zEts3QAC
15437,0011R000021r8hvQAA
831,0013600001i3YoQAAU
876,0013600001jCL6SAAW
870,0013600001jCFvWAAW
975,0013600001lTsbWAAS
15279,0011R000021pMIvQAM
1017,0013600001mtJ3aAAE
1011,0013600001msB7vAAE
15443,0011R000021r8mZQAQ
917,0013600001lSd3PAAS
8113,0013600001pvNgYAAU
988,0013600001lUNcQAAW
3987,0013600001uatYAAAY
15400,0011R000021pqWzQAI
15399,0011R000021pqYvQAI
1923,0013600001njTtAAAU
814,0013600001fAWrnAAG
8582,0013600001qxZlYAAU
3047,0013600001s8UmUAAU
832,0013600001i3YzTAAU
3107,0013600001seVA4AAM
2892,0013600001rFwseAAC
837,0013600001jBBHWAA4
15326,0011R000021pQ1RQAU
11225,0013600001pIjrfAAC
6234,0013600001xru57AAA
2661,0013600001qX0vnAAC
15856,0011R000022dtZzQAI
4932,0013600001w14KgAAI
4543,0013600001vf8hSAAQ
3160,0013600001spxV8AAI
13129,0011R00001xt3Z1QAI
9017,0013600001qxeMZAAY
4267,0013600001vBiS9AAK
3488,0013600001tnUJ3AAM
3539,0013600001tu2INAAY
14933,0011R00001zEpkFQAS
4076,0013600001uqx4XAAQ
7283,0011R00001zDWMDQA4
15453,0011R000021rAYFQA2
2598,0013600001pxn4rAAA
3901,0013600001uETYyAAO
3943,0013600001uafkiAAA
4066,0013600001uqw93AAA
828,0013600001fAelyAAC
4587,0013600001vg7wAAAQ
1002,0013600001ms5qUAAQ
4861,0013600001w0ctCAAQ
5092,0013600001w2bbHAAQ
5098,0013600001w2cRuAAI
15285,0011R000021pOErQAM
6192,0013600001xqjZpAAI
15262,0011R000021pLVBQA2
2901,0013600001rG2KGAA0
2622,0013600001qW9xVAAS
990,0013600001lUPqjAAG
5892,0013600001xpnuOAAQ
6260,0013600001xsTseAAE
15181,0011R00001zF2JWQA0
15105,0011R00001zF0bOQAS
4185,0013600001usC42AAE
6196,0013600001xqzJGAAY
15401,0011R000021pqWLQAY
4141,0013600001urxLDAAY
14802,0011R00001zEUsAQAW
15402,0011R000021pqDKQAY
15016,0011R00001zErPaQAK
15398,0011R000021pqWpQAI
15387,0011R000021ppycQAA
2798,0013600001qwhepAAA
14880,0011R00001zEdtjQAC
15184,0011R00001zF2dPQAS
14871,0011R00001zEdO9QAK
14888,0011R00001zEediQAC
14875,0011R00001zEdb8QAC
15388,0011R000021ppm0QAA
6358,0011R00001xt2lzQAA
14881,0011R00001zEe0zQAC
6979,0011R00001zCdvvQAC
2008,0013600001oEcZ0AAK
2193,0013600001oVu1BAAS
7228,0011R00001zDMIpQAO
923,0013600001lSfkzAAC
7203,0011R00001zDJ43QAG
7067,0011R00001zCtLOQA0
6949,0011R00001zCVCKQA4
5919,0013600001xq4KkAAI
7282,0011R00001zDWSVQA4
6611,0011R00001zBahNQAS
911,0013600001ktEsEAAU
6614,0011R00001zBayRQAS
4789,0013600001w0DKdAAM
6803,0011R00001zC53yQAC
6790,0011R00001zC4axQAC
6783,0011R00001zC4PwQAK
7139,0011R00001zD4rdQAC
6631,0011R00001zBhzuQAC
1751,0013600001ng6VtAAI
6530,0011R00001zBKAkQAO
4118,0013600001urBr5AAE
6490,0011R00001xtOYUQA2
6485,0011R00001xtOMnQAM
3306,0013600001tL7DsAAK
1816,0013600001nhjyKAAQ
6213,0013600001xr3qaAAA
5042,0013600001w2LdpAAE
5026,0013600001w28cvAAA
6901,0011R00001zCMHzQAO
6236,0013600001xsBHSAA2
7201,0011R00001zDJ51QAG
2922,0013600001rgKOVAA2
14889,0011R00001zEea0QAC
4712,0013600001vid6aAAA
4534,0013600001vf46RAAQ
974,0013600001lTsNeAAK
3878,0013600001uENPNAA4
4465,0013600001vEo14AAC
4440,0013600001vEiVgAAK
2799,0013600001qwhkiAAA
3039,0013600001s7EUZAA2
2893,0013600001rFxfcAAC
2486,0013600001pM5DAAA0
2856,0013600001rDb8AAAS
4218,0013600001utrenAAA
15466,0011R000021rAwbQAE
4079,0013600001uqyegAAA
4334,0013600001vDug3AAC
1918,0013600001njTcYAAU
15382,0011R000021ppF4QAI
15233,0011R000021pKm3QAE
15391,0011R000021pqH2QAI
15735,0011R000022dJa0QAE
2538,0013600001pvZZLAA2
4072,0013600001uqwVnAAI
4074,0013600001uqwsVAAQ
15657,0011R000021t0N8QAI
15483,0011R000021sadDQAQ
3308,0013600001tL7epAAC
15502,0011R000021scM8QAI
15492,0011R000021sbKHQAY
15889,0011R000022e4dhQAA
15643,0011R000021szj2QAA
15722,0011R000022dJ3GQAU
5080,0013600001w2S56AAE
15549,0011R000021splxQAA
833,0013600001i3Z4YAAU
15588,0011R000021srCYQAY
2757,0013600001qZndXAAS
6539,0011R00001zBQnnQAG
15591,0011R000021srLhQAI
15592,0011R000021srXMQAY
6247,0013600001xsHsCAAU
6915,0011R00001zCN7bQAG
15550,0011R000021spqTQAQ
845,0013600001jBE1eAAG
15736,0011R000022dJhKQAU
904,0013600001kG7WtAAK
14819,0011R00001zEW5TQAW
5020,0013600001w26yFAAQ
15748,0011R000022dKvAQAU
16036,0011R000022gmCUQAY
2925,0013600001rgNuSAAU
928,0013600001lShU0AAK
6702,0011R00001zBqQMQA0
2207,0013600001oWXkcAAG
2775,0013600001qvdeHAAQ
2687,0013600001qXn2zAAC
15791,0011R000022dZDVQA2
2753,0013600001qZkECAA0
3178,0013600001sqA4QAAU
3765,0013600001txuu3AAA
920,0013600001lSeHDAA0
15807,0011R000022da6wQAA
15751,0011R000022dLBeQAM
6412,0011R00001xtBcBQAU
2778,0013600001qviLzAAI
7307,0011R00001zDXv4QAG
3384,0013600001tmKLUAA2
15892,0011R000022e4rjQAA
2404,0013600001pKT3pAAG
6693,0011R00001zBqFjQAK
2453,0013600001pLJ5nAAG
2694,0013600001qXoy6AAC
15017,0011R00001zErR1QAK
2688,0013600001qXnbGAAS
2743,0013600001qZezxAAC
2455,0013600001pLK1NAAW
2449,0013600001pLIjSAAW
15717,0011R000022dIfXQAU
2537,0013600001pvZ0nAAE
865,0013600001jBnVvAAK
2693,0013600001qXoZ6AAK
2671,0013600001qX3E6AAK
2399,0013600001pKPWSAA4
2670,0013600001qX35EAAS
2605,0013600001pyQXVAA2
2539,0013600001pvZjQAAU
933,0013600001lSjhGAAS
2612,0013600001pyUc2AAE
2935,0013600001rgUUvAAM
2619,0013600001pyVjGAAU
2544,0013600001pvbrsAAA
1000,0013600001ms43iAAA
15855,0011R000022dtXTQAY
15660,0011R000021t0XcQAI
15665,0011R000021t11JQAQ
2579,0013600001pxazQAAQ
2541,0013600001pvbbsAAA
15899,0011R000022e5OtQAI
15863,0011R000022duEnQAI
3005,0013600001s5YVPAA2
2564,0013600001pxAS6AAM
3363,0013600001tMEVeAAO
16149,0011R0000246erxQAA
2454,0013600001pLJCUAA4
996,0013600001lUVxPAAW
15640,0011R000021szZPQAY
16301,0011R000024jl4qQAA
2536,0013600001pvYEFAA2
16332,0011R000024jwhpQAA
16247,0011R000024jVExQAM
15641,0011R000021szbSQAQ
830,0013600001i3YmeAAE
16211,0011R00002478IdQAI
16500,0011R000024kYLyQAM
16053,0011R000022gohaQAA
16212,0011R0000246z1EQAQ
16189,0011R0000246oWhQAI
15904,0011R000022e66aQAA
16250,0011R000024jW0NQAU
4522,0013600001pvNiFAAU
2673,0013600001qX3VNAA0
16217,0011R00002478hVQAQ
16176,0011R0000246mx7QAA
16324,0011R000024jue8QAA
15593,0011R000021sre9QAA
930,0013600001lSiPtAAK
15727,0011R000022dJFPQA2
16499,0011R000024kYMJQA2
16331,0011R000024jwI7QAI
16529,0011R000024kaq6QAA
4163,0013600001us5xiAAA
16621,0011R000024kxutQAA
16607,0011R000024kxVaQAI
16717,0011R000024l9epQAA
16778,0011R000024lM7sQAE
2549,0013600001pvcP9AAI
16858,0011R000024lWP9QAM
16949,0011R000024mLW3QAM
17043,0011R000024mZEpQAM
17044,0011R000024mZvQQAU
16940,0011R000024mKmjQAE
17029,0011R000024mYMHQA2
17065,0011R000024mahdQAA
17070,0011R000024mbtPQAQ
17067,0011R000024mbaBQAQ
17071,0011R000024mbrtQAA
17072,0011R000024mc5EQAQ
17066,0011R000024mbfBQAQ
17112,0011R000024mnGZQAY
17124,0011R000024mneQQAQ
17095,0011R000024mmLpQAI
17120,0011R000024mnSYQAY
17122,0011R000024mnKbQAI
17119,0011R000024mnZRQAY
17123,0011R000024mnmTQAQ
2660,0013600001qX0VOAA0
17121,0011R000024mnRWQAY
17033,0011R000024mYV7QAM
17139,0011R000024mpMsQAI
17167,0011R000024n0X0QAI
17140,0011R000024mqEtQAI
17137,0011R000024mpGnQAI
6232,0013600001xroqWAAQ
17053,0011R000024maIeQAI
17143,0011R000024mqJWQAY
17064,0011R000024mb7WQAQ
17138,0011R000024mpXxQAI
2043,0013600001oFB5BAAW
17036,0011R000024mZ7CQAU
17063,0011R000024mb3HQAQ
916,0013600001lScwJAAS
6187,0013600001xqHeTAAU
17184,0011R000024n1lpQAA
4184,0013600001usBGhAAM
983,0013600001lTvIcAAK
17179,0011R000024n1LmQAI
2689,0013600001qXo01AAC
17178,0011R000024n1KaQAI
17243,0011R000025h71ZQAQ
17251,0011R000025h7ZSQAY
17262,0011R000025h8fUQAQ
17297,0011R000025how8QAA
17313,0011R000025iCqnQAE
17259,0011R000025h88yQAA
7298,0011R00001zDXPNQA4
956,0013600001lTJL8AAO
5063,0013600001w2OGoAAM
17250,0011R000025h7n7QAA
17314,0011R000025iCkhQAE
17312,0011R000025iCpoQAE
6221,0013600001xr74aAAA
958,0013600001lTKDQAA4
898,0013600001kFr7NAAS
894,0013600001kFJOpAAO
871,0013600001jCHzPAAW
